sample_id,rgb_hex,r,g,b,L_star,a_star,b_star,tone2_label,season_label
S000001,#d8595b,216,89,91,54.55697625345293,50.053042741786236,24.55044894910985,yellow,spring_autumn
S000002,#ef511d,239,81,29,56.41685080843162,58.65745708819053,59.39957637200596,yellow,spring
S000003,#aa4d48,170,77,72,44.694181089821754,37.76566669545994,21.51100324281051,yellow,spring_autumn
S000004,#b45d4a,180,93,74,49.5313172251705,33.4556405955157,26.86048819459119,yellow,spring_autumn
S000005,#922e27,146,46,39,34.423380703608615,41.57897994148688,27.83766087347598,yellow,spring_autumn
S000006,#ce7361,206,115,97,58.27333464574066,33.900487628229726,25.69836683972433,yellow,autumn
